-- phpMyAdmin SQL Dump
-- version 4.5.1
-- http://www.phpmyadmin.net
--
-- Хост: 127.0.0.1
-- Время создания: Янв 15 2017 г., 16:14
-- Версия сервера: 10.1.16-MariaDB
-- Версия PHP: 5.6.24

SET SQL_MODE = "NO_AUTO_VALUE_ON_ZERO";
SET time_zone = "+00:00";


/*!40101 SET @OLD_CHARACTER_SET_CLIENT=@@CHARACTER_SET_CLIENT */;
/*!40101 SET @OLD_CHARACTER_SET_RESULTS=@@CHARACTER_SET_RESULTS */;
/*!40101 SET @OLD_COLLATION_CONNECTION=@@COLLATION_CONNECTION */;
/*!40101 SET NAMES utf8mb4 */;

--
-- База данных: `colcnet`
--

-- --------------------------------------------------------

--
-- Структура таблицы `domain`
--

CREATE TABLE `domain` (
  `id` int(11) NOT NULL,
  `name` text NOT NULL
) ENGINE=InnoDB DEFAULT CHARSET=utf8;

--
-- Дамп данных таблицы `domain`
--

INSERT INTO `domain` (`id`, `name`) VALUES
(3, 'htmlweb.ru'),
(4, 'yandex.ua'),
(5, 'modnakasta.ua'),
(6, 'www.yandex.ua'),
(7, 'evrl.to'),
(8, 'ruseller.com'),
(9, 'webmark.com.ua'),
(10, 'mail.ru');

-- --------------------------------------------------------

--
-- Структура таблицы `element`
--

CREATE TABLE `element` (
  `id` int(11) NOT NULL,
  `name` text NOT NULL
) ENGINE=InnoDB DEFAULT CHARSET=utf8;

--
-- Дамп данных таблицы `element`
--

INSERT INTO `element` (`id`, `name`) VALUES
(1, '<p'),
(2, '<img'),
(3, '<zza'),
(4, '<br'),
(5, '<a'),
(6, '<t'),
(7, '<b'),
(8, '<z'),
(9, '<o');

-- --------------------------------------------------------

--
-- Структура таблицы `request`
--

CREATE TABLE `request` (
  `id` int(11) NOT NULL,
  `domain_id` int(11) NOT NULL,
  `url_id` int(11) NOT NULL,
  `element_id` int(11) NOT NULL,
  `count` int(11) NOT NULL,
  `time` timestamp NOT NULL DEFAULT CURRENT_TIMESTAMP ON UPDATE CURRENT_TIMESTAMP,
  `duration` float NOT NULL
) ENGINE=InnoDB DEFAULT CHARSET=utf8;

--
-- Дамп данных таблицы `request`
--

INSERT INTO `request` (`id`, `domain_id`, `url_id`, `element_id`, `count`, `time`, `duration`) VALUES
(7, 5, 5, 1, 0, '0000-00-00 00:00:00', 0.146),
(8, 5, 5, 3, 0, '2017-01-15 13:42:48', 0.141),
(9, 5, 4, 4, 0, '2017-01-15 14:19:49', 0.101),
(10, 5, 4, 4, 0, '2017-01-15 14:19:52', 0.092),
(11, 5, 4, 5, 148, '2017-01-15 14:27:05', 0.1),
(12, 5, 4, 5, 148, '2017-01-15 14:27:57', 0.086),
(13, 5, 4, 5, 148, '2017-01-15 14:30:20', 0.09),
(14, 4, 6, 5, 114, '2017-01-15 14:34:04', 0.496),
(15, 4, 6, 5, 114, '2017-01-15 14:35:19', 0.481),
(16, 4, 7, 6, 52, '2017-01-15 14:43:07', 0.507),
(17, 4, 7, 5, 114, '2017-01-15 14:48:21', 0.793),
(18, 4, 7, 5, 114, '2017-01-15 14:48:46', 1.256),
(19, 5, 4, 5, 148, '2017-01-15 14:49:08', 0.089),
(20, 5, 4, 5, 148, '2017-01-15 14:49:22', 0.1),
(21, 4, 8, 5, 114, '2017-01-15 14:51:29', 0.724),
(22, 4, 8, 5, 114, '2017-01-15 14:51:37', 0.433),
(23, 4, 8, 5, 114, '2017-01-15 14:52:54', 0.44),
(24, 4, 9, 5, 77, '2017-01-15 14:56:58', 1.07),
(25, 4, 10, 5, 114, '2017-01-15 14:57:22', 0.504),
(26, 6, 11, 5, 114, '2017-01-15 14:57:53', 0.632),
(27, 7, 12, 5, 0, '2017-01-15 15:03:34', 0.018),
(28, 7, 12, 7, 0, '2017-01-15 15:03:48', 0),
(29, 7, 12, 7, 0, '2017-01-15 15:03:52', 0.005),
(30, 7, 12, 8, 0, '2017-01-15 15:04:14', 0.716),
(31, 4, 13, 8, 0, '2017-01-15 15:04:30', 0.575),
(32, 4, 13, 8, 0, '2017-01-15 15:04:33', 0.006),
(33, 4, 13, 8, 0, '2017-01-15 15:04:35', 0.006),
(34, 4, 13, 8, 0, '2017-01-15 15:04:36', 0.006),
(35, 4, 13, 8, 0, '2017-01-15 15:04:36', 0.0049),
(36, 4, 13, 8, 0, '2017-01-15 15:04:37', 0.0059),
(37, 4, 13, 8, 0, '2017-01-15 15:04:37', 0.0059),
(38, 4, 13, 8, 0, '2017-01-15 15:04:37', 0.006),
(39, 4, 13, 8, 0, '2017-01-15 15:04:37', 0.006),
(40, 4, 13, 8, 0, '2017-01-15 15:04:37', 0.005),
(41, 4, 13, 8, 0, '2017-01-15 15:04:38', 0.0059),
(42, 4, 13, 8, 0, '2017-01-15 15:04:38', 0.0059),
(43, 4, 13, 8, 0, '2017-01-15 15:04:38', 0.006),
(44, 4, 13, 8, 0, '2017-01-15 15:04:38', 0.006),
(45, 4, 13, 8, 0, '2017-01-15 15:04:38', 0.006),
(46, 4, 13, 8, 0, '2017-01-15 15:04:39', 0.0049),
(47, 4, 13, 8, 0, '2017-01-15 15:04:39', 0.006),
(48, 4, 13, 8, 0, '2017-01-15 15:04:39', 0.006),
(49, 4, 13, 8, 0, '2017-01-15 15:04:39', 0.006),
(50, 4, 13, 8, 0, '2017-01-15 15:04:39', 0.005),
(51, 4, 13, 8, 0, '2017-01-15 15:04:40', 0.006),
(52, 4, 13, 8, 0, '2017-01-15 15:04:40', 0.006),
(53, 4, 13, 8, 0, '2017-01-15 15:04:40', 0.006),
(54, 4, 13, 8, 0, '2017-01-15 15:04:40', 0.006),
(55, 4, 7, 9, 2, '2017-01-15 15:06:07', 0.479),
(56, 4, 7, 9, 2, '2017-01-15 15:06:24', 0.225469),
(57, 4, 7, 9, 2, '2017-01-15 15:06:38', 0.225469),
(58, 4, 7, 9, 2, '2017-01-15 15:06:40', 0.225469),
(59, 4, 7, 9, 2, '2017-01-15 15:06:40', 0.225469),
(60, 4, 7, 9, 2, '2017-01-15 15:06:41', 0.225469),
(61, 4, 7, 9, 2, '2017-01-15 15:06:42', 0.225469),
(62, 4, 7, 9, 2, '2017-01-15 15:06:42', 0.225469),
(63, 4, 7, 9, 2, '2017-01-15 15:06:44', 0.225469),
(64, 4, 7, 9, 2, '2017-01-15 15:06:44', 0.225469),
(65, 4, 7, 9, 2, '2017-01-15 15:06:45', 0.225469),
(66, 4, 7, 9, 2, '2017-01-15 15:06:46', 0.225469),
(67, 4, 7, 9, 2, '2017-01-15 15:06:46', 0.225469),
(68, 4, 7, 9, 2, '2017-01-15 15:06:47', 0.225469),
(69, 4, 7, 9, 2, '2017-01-15 15:06:47', 0.225469),
(70, 8, 14, 9, 0, '2017-01-15 15:06:54', 0.34),
(71, 8, 14, 9, 0, '2017-01-15 15:06:56', 0.34),
(72, 8, 14, 9, 0, '2017-01-15 15:06:57', 0.34),
(73, 8, 14, 9, 0, '2017-01-15 15:06:58', 0.34),
(74, 8, 14, 9, 0, '2017-01-15 15:06:59', 0.34),
(75, 8, 14, 9, 0, '2017-01-15 15:06:59', 0.34),
(76, 8, 14, 9, 0, '2017-01-15 15:07:00', 0.34),
(77, 8, 15, 9, 6, '2017-01-15 15:07:07', 0.444),
(78, 8, 15, 9, 6, '2017-01-15 15:07:14', 0.353),
(79, 8, 15, 9, 6, '2017-01-15 15:07:14', 0.353),
(80, 8, 15, 9, 6, '2017-01-15 15:07:15', 0.353),
(81, 4, 7, 9, 2, '2017-01-15 15:07:21', 0.225469),
(82, 4, 7, 9, 2, '2017-01-15 15:07:22', 0.225469),
(83, 4, 7, 9, 2, '2017-01-15 15:07:23', 0.225469),
(84, 4, 7, 9, 2, '2017-01-15 15:07:24', 0.225469),
(85, 4, 7, 9, 2, '2017-01-15 15:07:25', 0.225469),
(86, 4, 7, 9, 2, '2017-01-15 15:07:25', 0.225469),
(87, 4, 7, 9, 2, '2017-01-15 15:07:41', 0.225469),
(88, 9, 16, 5, 40, '2017-01-15 15:09:21', 0.059),
(89, 4, 7, 9, 2, '2017-01-15 15:11:35', 0.225469),
(90, 10, 17, 9, 5, '2017-01-15 15:11:44', 0.593),
(91, 10, 17, 9, 5, '2017-01-15 15:11:47', 0.593);

-- --------------------------------------------------------

--
-- Структура таблицы `url`
--

CREATE TABLE `url` (
  `id` int(11) NOT NULL,
  `name` text NOT NULL
) ENGINE=InnoDB DEFAULT CHARSET=utf8;

--
-- Дамп данных таблицы `url`
--

INSERT INTO `url` (`id`, `name`) VALUES
(1, 'https://htmlweb.ru/php/mysql.php'),
(2, 'https://htmlweb.ru/php'),
(3, 'https://yandex.ua/search/?text=php%20foreach&lr=147'),
(4, 'https://modnakasta.ua/'),
(5, 'https://modnakasta.ua/fd'),
(6, 'https://yandex.ua/?ncrnd=1636'),
(7, 'https://yandex.ua/'),
(8, 'https://yandex.ua/?ncrnd=407'),
(9, 'https://yandex.ua/search/?text=php%20mysql%20%D1%80%D0%B0%D0%B7%D0%BD%D0%B8%D1%86%D0%B0%20%D0%BC%D0%B5%D0%B6%D0%B4%D1%83%20%D0%B4%D0%B0%D1%82%D0%B0%D0%BC%D0%B8&lr=147'),
(10, 'https://yandex.ua'),
(11, 'https://www.yandex.ua/'),
(12, 'https://evrl.to/'),
(13, 'https://yandex.ua/?ncrnd=4876'),
(14, 'http://ruseller.com/lessons.php?id=979'),
(15, 'http://ruseller.com/lessons.php?rub=33'),
(16, 'http://webmark.com.ua/'),
(17, 'https://mail.ru/');

--
-- Индексы сохранённых таблиц
--

--
-- Индексы таблицы `domain`
--
ALTER TABLE `domain`
  ADD KEY `id` (`id`);

--
-- Индексы таблицы `element`
--
ALTER TABLE `element`
  ADD KEY `id` (`id`);

--
-- Индексы таблицы `request`
--
ALTER TABLE `request`
  ADD KEY `id` (`id`);

--
-- Индексы таблицы `url`
--
ALTER TABLE `url`
  ADD KEY `id` (`id`);

--
-- AUTO_INCREMENT для сохранённых таблиц
--

--
-- AUTO_INCREMENT для таблицы `domain`
--
ALTER TABLE `domain`
  MODIFY `id` int(11) NOT NULL AUTO_INCREMENT, AUTO_INCREMENT=11;
--
-- AUTO_INCREMENT для таблицы `element`
--
ALTER TABLE `element`
  MODIFY `id` int(11) NOT NULL AUTO_INCREMENT, AUTO_INCREMENT=10;
--
-- AUTO_INCREMENT для таблицы `request`
--
ALTER TABLE `request`
  MODIFY `id` int(11) NOT NULL AUTO_INCREMENT, AUTO_INCREMENT=92;
--
-- AUTO_INCREMENT для таблицы `url`
--
ALTER TABLE `url`
  MODIFY `id` int(11) NOT NULL AUTO_INCREMENT, AUTO_INCREMENT=18;
/*!40101 SET CHARACTER_SET_CLIENT=@OLD_CHARACTER_SET_CLIENT */;
/*!40101 SET CHARACTER_SET_RESULTS=@OLD_CHARACTER_SET_RESULTS */;
/*!40101 SET COLLATION_CONNECTION=@OLD_COLLATION_CONNECTION */;
